id,nombre,apellido,estado
0,Lei,Moreau,s
1,Olga,Kobayashi,s
2,Wolfgang,Zhang,s
3,Fritz,Watanabe,s
4,Giulia,Martinez,s
5,Sho,Meyer,s
6,Erik,Fischer,s
7,Lei,Müller,s
8,Vladimir,Hernandez,s
9,Vladimir,Hoffmann,s
10,Giulia,Dubois,s
11,Wolfgang,Garcia,s
12,Hans,Lefebvre,s
13,Nina,Gonzalez,s
14,Juan,Weber,s
15,Michael,Gonzalez,s
16,Tatiana,Fedorov,s
17,Luc,Sokolov,s
18,James,Lefebvre,s
19,Francesca,Lefebvre,s
20,Simone,Takahashi,s
21,Nana,Ricci,s
22,Sakura,Michel,s
23,Vladimir,Fedorov,s
24,Jacques,Schulz,s
25,Li,Gonzalez,s
26,Xiu,Diaz,s
27,Wei,Takahashi,s
28,Jose,Ramirez,s
29,Jian,Yamamoto,s
30,Sho,Ramirez,s
31,Nana,Mikhailov,s
32,Heinz,Tanaka,s
33,Ana,Williams,s
34,Hélène,Moreau,s
35,Yoko,Martinez,s
36,Mary,Moreau,s
37,Akira,Petrov,s
38,Ying,Sanchez,s
39,Jie,Lopez,s
40,Svetlana,Ricci,s
41,Nana,Popov,s
42,Luis,Yamamoto,s
43,Takashi,Williams,s
44,Lena,Ferrari,s
45,Giovanni,Dupont,s
46,Lena,Ferrari,s
47,Greta,Bernard,s
48,Jean,Yang,s
49,Matteo,Rossi,s
50,Takashi,Garcia,s
51,Matteo,Suzuki,s
52,Linda,Martin,s
53,Ana,Huang,s
54,Mary,Jones,s
55,John,Yamamoto,s
56,William,Zhao,s
57,Matteo,Sidorov,s
58,Jose,Kato,s
59,Ana,Ivanov,s
60,Giovanni,Watanabe,s
61,Inge,Zhou,s
62,Jacques,Mikhailov,s
63,Antonio,Bianchi,s
64,Jennifer,Sato,s
65,Simone,Watanabe,s
66,Jie,Wang,s
67,Sophie,Michel,s
68,Kenji,Sanchez,s
69,Simone,Bernard,s
70,Inge,Wang,s
71,Yan,Schmidt,s
72,Matteo,Perez,s
73,Jennifer,Gonzalez,s
74,Svetlana,Yamamoto,s
75,Sofia,Perez,s
76,Wei,Sokolov,s
77,Olga,Hernandez,s
78,Yan,Popov,s
79,Alexei,Yang,s
80,Michael,Garnier,s
81,Yuki,Chen,s
82,Yoko,Martinez,s
83,Matteo,Fischer,s
84,Mary,Dubois,s
85,Ming,Mikhailov,s
86,Linda,Wagner,s
87,Anna,Esposito,s
88,Wolfgang,Ferrari,s
89,Ming,Ito,s
90,Xiu,Liu,s
91,Ivan,Sanchez,s
92,Lei,Sokolov,s
93,Patricia,Schmidt,s
94,Simone,Michel,s
95,Ming,Sokolov,s
96,William,Suzuki,s
97,Linda,Petrov,s
98,Jie,Kuznetsov,s
99,Tatiana,Ramirez,s
100,Nina,Schneider,s
101,Takashi,Miller,s
102,Jie,Wang,s
103,Carlos,Tanaka,s
104,Miguel,Diaz,s
105,Juan,Takahashi,s
106,Wolfgang,Watanabe,s
107,James,Ferrari,s
108,Jennifer,Fedorov,s
109,Michael,Lefebvre,s
110,Isabelle,Hernandez,s
111,Jose,Ricci,s
112,Xiu,Garnier,s
113,Michael,Zhao,s
114,Carlos,Moreau,s
115,Claude,Williams,s
116,Fang,Garcia,s
117,Claude,Sidorov,s
118,Sho,Becker,s
119,Ying,Tanaka,s
120,Sergei,Ferrari,s
121,Sophie,Ferrari,s
122,Linda,Wu,s
123,Fang,Lopez,s
124,Marta,Huang,s
125,Svetlana,Zhao,s
126,Giovanni,Garcia,s
127,Wei,Watanabe,s
128,Anna,Rossi,s
129,Isabelle,Sidorov,s
130,Hans,Michel,s
131,James,Hernandez,s
132,Isabelle,Zhao,s
133,Xiu,Chen,s
134,Jian,Watanabe,s
135,Juan,Martinez,s
136,Giovanni,Dupont,s
137,Jacques,Ricci,s
138,Marie,Wu,s
139,Ying,Li,s
140,Yoko,Smith,s
141,Ying,Martin,s
142,Ayumi,Wagner,s
143,Ming,Rossi,s
144,Li,Sidorov,s
145,Anna,Davis,s
146,Sophie,Zhou,s
147,Robert,Nakamura,s
148,Anna,Nakamura,s
149,Tatiana,Becker,s
150,Alexei,Sidorov,s
151,Greta,Zhang,s
152,Anna,Martinez,s
153,Yoko,Schmidt,s
154,Li,Wang,s
155,Robert,Kuznetsov,s
156,Erik,Lopez,s
157,Hélène,Rodriguez,s
158,Simone,Romano,s
159,Jian,Smirnov,s
160,Giulia,Mikhailov,s
161,Miguel,Martin,s
162,Giovanni,Sanchez,s
163,Erik,Zhou,s
164,Li,Sidorov,s
165,Hélène,Rossi,s
166,Wolfgang,Moreau,s
167,Jian,Smith,s
168,Karl,Jones,s
169,Alice,Zhang,s
170,Isabelle,Hoffmann,s
171,Anna,Garcia,s
172,Anna,Martin,s
173,John,Ferrari,s
174,Mary,Zhou,s
175,Fritz,Fischer,s
176,Karl,Kato,s
177,Elizabeth,Russo,s
178,Xiu,Meyer,s
179,Carlos,Miller,s
180,Pedro,Diaz,s
181,Giovanni,Martinez,s
182,Nana,Hernandez,s
183,Lena,Jones,s
184,Sergei,Sato,s
185,Anna,Watanabe,s
186,Maria,Fischer,s
187,Pierre,Schneider,s
188,Akira,Gonzalez,s
189,Antonio,Marino,s
190,Elizabeth,Meyer,s
191,Akira,Zhang,s
192,Jose,Sidorov,s
193,Fritz,Diaz,s
194,Erik,Moreau,s
195,Giovanni,Dubois,s
196,Anna,Williams,s
197,Kenji,Ricci,s
198,Isabelle,Li,s
199,Giulia,Zhou,s
200,Ana,Petrov,s
201,Fritz,Zhou,s
202,Hiroshi,Ferrari,s
203,Kenji,Jones,s
204,Jean,Becker,s
205,Nana,Rossi,s
206,Sergei,Blanc,s
207,Jie,Gonzalez,s
208,Inge,Johnson,s
209,Ana,Hernandez,s
210,Jian,Sanchez,s
211,Isabelle,Jones,s
212,Olga,Greco,s
213,Luis,Dupont,s
214,Pedro,Lopez,s
215,Greta,Colombo,s
216,Jacques,Dubois,s
217,Fritz,Li,s
218,James,Diaz,s
219,Sergei,Brown,s
220,Anna,Garnier,s
221,Fritz,Schmidt,s
222,Dmitry,Smith,s
223,Jose,Popov,s
224,Hélène,Blanc,s
225,Tatiana,Dubois,s
226,Akira,Esposito,s
227,Juan,Rodriguez,s
228,Giulia,Sokolov,s
229,Linda,Dupont,s
230,Sakura,Sato,s
231,Giovanni,Tanaka,s
232,Pierre,Garnier,s
233,Patricia,Hoffmann,s
234,Anna,Garnier,s
235,Luc,Kobayashi,s
236,Luca,Wagner,s
237,Pierre,Ferrari,s
238,Yuki,Rodriguez,s
239,Sergei,Johnson,s
240,Miguel,Johnson,s
241,Maria,Lefebvre,s
242,Hiroshi,Zhao,s
243,Sergei,Rossi,s
244,Carlos,Rossi,s
245,Jennifer,Mikhailov,s
246,Hans,Ito,s
247,Fang,Garcia,s
248,Juan,Gonzalez,s
249,Karl,Mikhailov,s
250,Li,Dupont,s
251,Louis,Sato,s
252,Ayumi,Wang,s
253,Mary,Sidorov,s
254,Linda,Marino,s
255,Olga,Davis,s
256,Takashi,Lopez,s
257,Yuki,Garcia,s
258,Wolfgang,Lefebvre,s
259,Pedro,Ramirez,s
260,Akira,Ricci,s
261,John,Wagner,s
262,Juan,Gonzalez,s
263,Tatiana,Zhao,s
264,Patricia,Ramirez,s
265,Luc,Rodriguez,s
266,Sofia,Yamamoto,s
267,Matteo,Moreau,s
268,Jian,Fedorov,s
269,Louis,Meyer,s
270,Alice,Rossi,s
271,Li,Hoffmann,s
272,Hiroshi,Popov,s
273,Anna,Garnier,s
274,Heinz,Zhou,s
275,Maria,Martinez,s
276,Carlos,Garcia,s
277,Kenji,Meyer,s
278,Robert,Miller,s
279,Hiroshi,Garcia,s
280,Jennifer,Sato,s
281,Jian,Tanaka,s
282,Fritz,Petrov,s
283,Ying,Petrov,s
284,Luca,Fischer,s
285,Fang,Bianchi,s
286,Olga,Nakamura,s
287,Luc,Martin,s
288,Sho,Nakamura,s
289,Luc,Zhao,s
290,Marta,Ito,s
291,Xiu,Smirnov,s
292,Robert,Popov,s
293,Jean,Sokolov,s
294,Anna,Michel,s
295,Jie,Huang,s
296,Li,Greco,s
297,Matteo,Bernard,s
298,Carlos,Greco,s
299,Heinz,Ricci,s
300,Linda,Davis,s
301,Dmitry,Wu,s
302,William,Huang,s
303,Elizabeth,Lefebvre,s
304,Giovanni,Ito,s
305,Claude,Lopez,s
306,Antonio,Sato,s
307,Tatiana,Dubois,s
308,Heinz,Russo,s
309,Miguel,Martinez,s
310,Ayumi,Martinez,s
311,Robert,Zhang,s
312,Anna,Mikhailov,s
313,Hiroshi,Diaz,s
314,Hans,Lefebvre,s
315,Robert,Takahashi,s
316,Fang,Wang,s
317,Marie,Lefebvre,s
318,Akira,Takahashi,s
319,Wei,Ramirez,s
320,Isabelle,Greco,s
321,Alexei,Garcia,s
322,Alexei,Ricci,s
323,Nina,Weber,s
324,Alice,Dubois,s
325,Yoko,Hernandez,s
326,Pedro,Fischer,s
327,Louis,Smirnov,s
328,Takashi,Zhang,s
329,Jose,Ito,s
330,Wei,Ito,s
331,Jennifer,Michel,s
332,Yoko,Hoffmann,s
333,Robert,Popov,s
334,Jacques,Romano,s
335,Louis,Martinez,s
336,Wei,Sidorov,s
337,Chiara,Schulz,s
338,Juan,Sidorov,s
339,Giovanni,Meyer,s
340,Isabelle,Miller,s
341,Francesca,Davis,s
342,James,Jones,s
343,James,Smith,s
344,Jian,Nakamura,s
345,Pedro,Perez,s
346,Marie,Kobayashi,s
347,Erik,Esposito,s
348,Nina,Wu,s
349,Wolfgang,Garcia,s
350,Yan,Schmidt,s
351,Luis,Kuznetsov,s
352,Akira,Diaz,s
353,Dmitry,Sato,s
354,Jacques,Ito,s
355,Marta,Dupont,s
356,Matteo,Marino,s
357,Akira,Wang,s
358,Nana,Meyer,s
359,Nana,Ferrari,s
360,Tatiana,Esposito,s
361,Robert,Fischer,s
362,Jean,Popov,s
363,Fritz,Schulz,s
364,Marco,Schulz,s
365,John,Bianchi,s
366,Sho,Müller,s
367,Wolfgang,Ferrari,s
368,Fritz,Ivanov,s
369,Nina,Schulz,s
370,Luca,Zhang,s
371,Luc,Brown,s
372,Louis,Martinez,s
373,Svetlana,Ricci,s
374,Kenji,Russo,s
375,Lena,Zhou,s
376,Fang,Petrov,s
377,Luis,Mikhailov,s
378,Jian,Ivanov,s
379,Sophie,Moreau,s
380,Ming,Martin,s
381,Greta,Garnier,s
382,Michael,Sokolov,s
383,Yuki,Garnier,s
384,Kenji,Rodriguez,s
385,Nana,Schulz,s
386,Giulia,Garcia,s
387,Dmitry,Wagner,s
388,Ming,Liu,s
389,Vladimir,Schmidt,s
390,Svetlana,Nakamura,s
391,Lei,Yamamoto,s
392,Patricia,Marino,s
393,Anna,Ricci,s
394,Ying,Johnson,s
395,Miguel,Russo,s
396,Ying,Williams,s
397,Giovanni,Tanaka,s
398,Wolfgang,Volkov,s
399,Wolfgang,Fedorov,s
400,Giulia,Gonzalez,s
401,Elizabeth,Yang,s
402,Chiara,Rossi,s
403,Sofia,Smith,s
404,Ivan,Romano,s
405,Simone,Weber,s
406,Elizabeth,Popov,s
407,Luc,Meyer,s
408,Lena,Blanc,s
409,Karl,Blanc,s
410,Yuki,Huang,s
411,Alexei,Nakamura,s
412,Juan,Greco,s
413,Elizabeth,Hernandez,s
414,Jie,Kato,s
415,Simone,Dupont,s
416,Matteo,Bianchi,s
417,Sergei,Yamamoto,s
418,Giulia,Davis,s
419,Ayumi,Smith,s
420,Patricia,Brown,s
421,Giovanni,Lopez,s
422,Sho,Miller,s
423,John,Garcia,s
424,Robert,Smith,s
425,Nana,Garnier,s
426,Karl,Sanchez,s
427,Wolfgang,Smith,s
428,Yan,Yang,s
429,Erik,Chen,s
430,Dmitry,Blanc,s
431,Patricia,Schulz,s
432,Alice,Liu,s
433,Wolfgang,Bianchi,s
434,Marco,Watanabe,s
435,Heinz,Dubois,s
436,Olga,Ricci,s
437,Isabelle,Sanchez,s
438,Louis,Perez,s
439,Sophie,Garcia,s
440,Wei,Rossi,s
441,Juan,Bernard,s
442,Tatiana,Ricci,s
443,Pedro,Yang,s
444,Tatiana,Ito,s
445,Alice,Kobayashi,s
446,Ayumi,Miller,s
447,Nana,Sato,s
448,Hélène,Hernandez,s
449,Fang,Yamamoto,s
450,Miguel,Martinez,s
451,Pierre,Kobayashi,s
452,Fritz,Romano,s
453,Jian,Nakamura,s
454,Kenji,Kobayashi,s
455,Sophie,Popov,s
456,Hélène,Fischer,s
457,Nina,Schulz,s
458,Sophie,Blanc,s
459,Alexei,Ramirez,s
460,Francesca,Volkov,s
461,John,Fischer,s
462,Marco,Gonzalez,s
463,Pierre,Miller,s
464,Giovanni,Martinez,s
465,Kenji,Jones,s
466,Svetlana,Becker,s
467,Linda,Zhou,s
468,Maria,Takahashi,s
469,Marco,Romano,s
470,Luca,Diaz,s
471,Marta,Perez,s
472,Akira,Garnier,s
473,Alexei,Schneider,s
474,Nina,Fischer,s
475,Ivan,Huang,s
476,Jean,Kuznetsov,s
477,Miguel,Rodriguez,s
478,Isabelle,Miller,s
479,Ana,Schmidt,s
480,Miguel,Chen,s
481,Dmitry,Brown,s
482,Robert,Rodriguez,s
483,Marta,Brown,s
484,Kenji,Marino,s
485,Giulia,Nakamura,s
486,Dmitry,Volkov,s
487,Fritz,Hoffmann,s
488,Chiara,Huang,s
489,Robert,Watanabe,s
490,Hélène,Wang,s
491,Isabelle,Liu,s
492,Alexei,Zhou,s
493,Sergei,Fischer,s
494,Michael,Mikhailov,s
495,James,Smith,s
496,Luca,Colombo,s
497,Marta,Dupont,s
498,Linda,Petrov,s
499,Francesca,Lopez,s
